{
  "properties": {
    "connectionReferences": {
      "shared_graph-20-2d-20device-20management-5ff5b5fbeebbb-9854a4baa9fd25e3": {
        "runtimeSource": "embedded",
        "connection": {
          "connectionReferenceLogicalName": "ah_sharedgraph202d20device20management5ff5b5fbeebbb9854a4baa9fd25e3_3fa21"
        },
        "api": {
          "name": "shared_graph-20-2d-20device-20management-5ff5b5fbeebbb-9854a4baa9fd25e3",
          "logicalName": "ah_graph-20-2d-20device-20management"
        }
      }
    },
    "definition": {
      "$schema": "https://schema.management.azure.com/providers/Microsoft.Logic/schemas/2016-06-01/workflowdefinition.json#",
      "contentVersion": "undefined",
      "parameters": {
        "$connections": {
          "defaultValue": {},
          "type": "Object"
        },
        "$authentication": {
          "defaultValue": {},
          "type": "SecureObject"
        }
      },
      "triggers": {
        "manual": {
          "metadata": {
            "operationMetadataId": "dd3634a5-9d4a-4e32-a71f-e0ac8be09b02"
          },
          "type": "Request",
          "kind": "Button",
          "inputs": {
            "schema": {
              "type": "object",
              "properties": {
                "text": {
                  "description": "Please enter your input",
                  "title": "DeviceId",
                  "type": "string",
                  "x-ms-content-hint": "TEXT",
                  "x-ms-dynamically-added": true
                },
                "text_1": {
                  "description": "Please enter your input",
                  "title": "extensionAttribute1",
                  "type": "string",
                  "x-ms-content-hint": "TEXT",
                  "x-ms-dynamically-added": true
                },
                "text_2": {
                  "description": "Please enter your input",
                  "title": "extensionAttribute2",
                  "type": "string",
                  "x-ms-content-hint": "TEXT",
                  "x-ms-dynamically-added": true
                },
                "text_3": {
                  "description": "Please enter your input",
                  "title": "extensionAttribute3",
                  "type": "string",
                  "x-ms-content-hint": "TEXT",
                  "x-ms-dynamically-added": true
                }
              },
              "required": [
                "text",
                "text_1",
                "text_2",
                "text_3"
              ]
            }
          }
        }
      },
      "actions": {
        "Respond_to_a_PowerApp_or_flow": {
          "runAfter": {
            "Condition_Entra_gt_0": [
              "Succeeded"
            ]
          },
          "metadata": {
            "operationMetadataId": "ba55d962-2e95-4f14-bb56-317e594efb91"
          },
          "type": "Response",
          "kind": "PowerApp",
          "inputs": {
            "statusCode": 200,
            "body": {
              "responsecode": "@variables('varResponseCode')"
            },
            "schema": {
              "type": "object",
              "properties": {
                "responsecode": {
                  "title": "ResponseCode",
                  "x-ms-dynamically-added": true,
                  "type": "string"
                }
              }
            }
          }
        },
        "Initialize_varEntraId": {
          "runAfter": {},
          "metadata": {
            "operationMetadataId": "b259e51c-208c-4d22-9cf1-9f6c6b1cb7b7"
          },
          "type": "InitializeVariable",
          "inputs": {
            "variables": [
              {
                "name": "varEntraId",
                "type": "string",
                "value": "@triggerBody()?['text']"
              }
            ]
          }
        },
        "Entra_-_Get_Managed_Device": {
          "runAfter": {
            "Initialize_varResponseCode": [
              "Succeeded"
            ]
          },
          "metadata": {
            "operationMetadataId": "3ff0b2bd-156c-4107-be56-db0f64a4f7e5"
          },
          "type": "OpenApiConnection",
          "inputs": {
            "host": {
              "connectionName": "shared_graph-20-2d-20device-20management-5ff5b5fbeebbb-9854a4baa9fd25e3",
              "operationId": "Entra-GetManagedDevice",
              "apiId": ""
            },
            "parameters": {
              "Content-Type": "application/json",
              "$select": "id,deviceId",
              "$filter": "deviceId eq '@{variables('varEntraId')}'"
            },
            "authentication": {
              "type": "Raw",
              "value": "@json(decodeBase64(triggerOutputs().headers['X-MS-APIM-Tokens']))['$ConnectionKey']"
            }
          }
        },
        "Condition_Entra_gt_0": {
          "actions": {
            "Entra_-_Update_Managed_Device": {
              "runAfter": {},
              "metadata": {
                "operationMetadataId": "7a84e46b-3235-49c0-998c-8959f10f38c3"
              },
              "type": "OpenApiConnection",
              "inputs": {
                "host": {
                  "connectionName": "shared_graph-20-2d-20device-20management-5ff5b5fbeebbb-9854a4baa9fd25e3",
                  "operationId": "Entra-UpdateManagedDevice",
                  "apiId": "/providers/Microsoft.PowerApps/apis/shared_graph-20-2d-20device-20management-5ff5b5fbeebbb-9854a4baa9fd25e3"
                },
                "parameters": {
                  "deviceId": "@first(body('Entra_-_Get_Managed_Device')?['value'])?['id']",
                  "Content-Type": "application/json",
                  "body/extensionAttributes/extensionAttribute1": "@triggerBody()?['text_1']",
                  "body/extensionAttributes/extensionAttribute2": "@triggerBody()?['text_2']",
                  "body/extensionAttributes/extensionAttribute3": "@triggerBody()?['text_3']"
                },
                "authentication": {
                  "type": "Raw",
                  "value": "@json(decodeBase64(triggerOutputs().headers['X-MS-APIM-Tokens']))['$ConnectionKey']"
                }
              }
            },
            "Set_varResponseCode_204": {
              "runAfter": {
                "Entra_-_Update_Managed_Device": [
                  "Succeeded"
                ]
              },
              "metadata": {
                "operationMetadataId": "054daaab-2af5-4465-b3dd-2ea52aab5126"
              },
              "type": "SetVariable",
              "inputs": {
                "name": "varResponseCode",
                "value": "@{outputs('Entra_-_Update_Managed_Device')['statusCode']}"
              }
            }
          },
          "runAfter": {
            "Entra_-_Get_Managed_Device": [
              "Succeeded"
            ]
          },
          "else": {
            "actions": {
              "Set_varResponseCode_404": {
                "runAfter": {},
                "metadata": {
                  "operationMetadataId": "faa87a84-1bc8-4474-928d-5881144c802e"
                },
                "type": "SetVariable",
                "inputs": {
                  "name": "varResponseCode",
                  "value": "404"
                }
              }
            }
          },
          "expression": {
            "and": [
              {
                "greater": [
                  "@length(body('Entra_-_Get_Managed_Device')?['value'])",
                  0
                ]
              }
            ]
          },
          "metadata": {
            "operationMetadataId": "7e3ab461-bf85-42e7-bdb1-fef045afce0e"
          },
          "type": "If"
        },
        "Initialize_varResponseCode": {
          "runAfter": {
            "Initialize_varEntraId": [
              "Succeeded"
            ]
          },
          "metadata": {
            "operationMetadataId": "76872167-a9f7-4734-8e2c-bdb84ac72aab"
          },
          "type": "InitializeVariable",
          "inputs": {
            "variables": [
              {
                "name": "varResponseCode",
                "type": "string"
              }
            ]
          }
        }
      }
    },
    "templateName": ""
  },
  "schemaVersion": "1.0.0.0"
}