{
  "properties": {
    "connectionReferences": {
      "shared_sharepointonline": {
        "runtimeSource": "embedded",
        "connection": {
          "connectionReferenceLogicalName": "ah_sharedsharepointonline_43251"
        },
        "api": {
          "name": "shared_sharepointonline"
        }
      },
      "shared_graph-20-2d-20device-20management-5ff5b5fbeebbb-9854a4baa9fd25e3_1": {
        "runtimeSource": "embedded",
        "connection": {
          "connectionReferenceLogicalName": "ah_sharedgraph202d20device20management5ff5b5fbeebbb9854a4baa9fd25e3_3fa21"
        },
        "api": {
          "name": "shared_graph-20-2d-20device-20management-5ff5b5fbeebbb-9854a4baa9fd25e3",
          "logicalName": "ah_graph-20-2d-20device-20management"
        }
      }
    },
    "definition": {
      "$schema": "https://schema.management.azure.com/providers/Microsoft.Logic/schemas/2016-06-01/workflowdefinition.json#",
      "contentVersion": "1.0.0.0",
      "parameters": {
        "$connections": {
          "defaultValue": {},
          "type": "Object"
        },
        "$authentication": {
          "defaultValue": {},
          "type": "SecureObject"
        },
        "Profile TokenId (ah_profiletokenid)": {
          "defaultValue": "18ce6622-2d1e-4e56-86ca-5970b7019368",
          "type": "String",
          "metadata": {
            "schemaName": "ah_profiletokenid"
          }
        }
      },
      "triggers": {
        "Recurrence": {
          "recurrence": {
            "frequency": "Minute",
            "interval": 5,
            "startTime": "2023-11-06T15:00:00Z"
          },
          "metadata": {
            "operationMetadataId": "bcfd9ff4-4a49-4ec5-a430-adf2cfc50cd6"
          },
          "type": "Recurrence"
        }
      },
      "actions": {
        "Get_items_-_Power_Automate_-_Draft": {
          "runAfter": {
            "Initialize_varStatusDescription": [
              "Succeeded"
            ]
          },
          "metadata": {
            "operationMetadataId": "6e97d389-f52e-4486-8974-62420208b091"
          },
          "type": "OpenApiConnection",
          "inputs": {
            "host": {
              "connectionName": "shared_sharepointonline",
              "operationId": "GetItems",
              "apiId": "/providers/Microsoft.PowerApps/apis/shared_sharepointonline"
            },
            "parameters": {
              "dataset": "https://txptclabs.sharepoint.com/sites/TXIT",
              "table": "73407916-5217-4912-9e47-6ad9bd4d3245",
              "$filter": "StatusChange eq 'Draft'",
              "view": "8884a470-c58f-4c3c-a544-56e4273d2f25"
            },
            "authentication": "@parameters('$authentication')"
          }
        },
        "Initialize_TenantId": {
          "runAfter": {},
          "metadata": {
            "operationMetadataId": "dcffae20-4d46-4baf-8bac-3444616a3984"
          },
          "type": "InitializeVariable",
          "inputs": {
            "variables": [
              {
                "name": "tenantId",
                "type": "string",
                "value": "439a993d-7a6b-4315-b90f-528ed4580d6b"
              }
            ]
          }
        },
        "Initialize_clientId": {
          "runAfter": {
            "Initialize_TenantId": [
              "Succeeded"
            ]
          },
          "metadata": {
            "operationMetadataId": "2cfafa8a-3920-4cae-bc1e-c72bde3f5533"
          },
          "type": "InitializeVariable",
          "inputs": {
            "variables": [
              {
                "name": "clientId",
                "type": "string",
                "value": "edee83b5-1579-434e-a78f-39ada7615a52"
              }
            ]
          }
        },
        "Initialize_Entra_-_id": {
          "runAfter": {
            "Initialize_clientId": [
              "Succeeded"
            ]
          },
          "metadata": {
            "operationMetadataId": "ae06bbe3-e3d8-4a69-b572-46ff0fcd8a6e"
          },
          "type": "InitializeVariable",
          "inputs": {
            "variables": [
              {
                "name": "entraId",
                "type": "string"
              }
            ]
          }
        },
        "If_Sharepoint_Record_Count_gt_0_": {
          "actions": {
            "Apply_to_each_SP_Item": {
              "foreach": "@outputs('Get_items_-_Power_Automate_-_Draft')?['body/value']",
              "actions": {
                "Device_Count_gt_0": {
                  "actions": {
                    "Set_entraId": {
                      "runAfter": {},
                      "metadata": {
                        "operationMetadataId": "74d49f7f-0a28-4276-9968-d07ca81b8cf8"
                      },
                      "type": "SetVariable",
                      "inputs": {
                        "name": "entraId",
                        "value": "@{first(outputs('Get_Managed_Device')?['body/value'])?['azureADDeviceId']}"
                      }
                    },
                    "DEP_Profile_Empty": {
                      "actions": {
                        "Entra_-_Get_Managed_Device": {
                          "runAfter": {},
                          "metadata": {
                            "operationMetadataId": "51c5f85c-ae60-4164-9f12-6b9295246a49"
                          },
                          "type": "OpenApiConnection",
                          "inputs": {
                            "host": {
                              "connectionName": "shared_graph-20-2d-20device-20management-5ff5b5fbeebbb-9854a4baa9fd25e3_1",
                              "operationId": "Entra-GetManagedDevice",
                              "apiId": "/providers/Microsoft.PowerApps/apis/shared_graph-20-2d-20device-20management-5ff5b5fbeebbb-9854a4baa9fd25e3"
                            },
                            "parameters": {
                              "Content-Type": "application/json",
                              "$select": "id,deviceId",
                              "$filter": "deviceId eq '@{variables('entraId')}'"
                            },
                            "authentication": "@parameters('$authentication')"
                          }
                        },
                        "Condition_Entra_gt_0": {
                          "actions": {
                            "Entra_-_Update_Managed_Device": {
                              "runAfter": {},
                              "metadata": {
                                "operationMetadataId": "4e50c4e9-d0d0-4cf8-a735-4f1d24d5523e"
                              },
                              "type": "OpenApiConnection",
                              "inputs": {
                                "host": {
                                  "connectionName": "shared_graph-20-2d-20device-20management-5ff5b5fbeebbb-9854a4baa9fd25e3_1",
                                  "operationId": "Entra-UpdateManagedDevice",
                                  "apiId": "/providers/Microsoft.PowerApps/apis/shared_graph-20-2d-20device-20management-5ff5b5fbeebbb-9854a4baa9fd25e3"
                                },
                                "parameters": {
                                  "deviceId": "@first(body('Entra_-_Get_Managed_Device')?['value'])?['id']",
                                  "Content-Type": "application/json",
                                  "body/extensionAttributes/extensionAttribute1": "@items('Apply_to_each_SP_Item')?['Campus']",
                                  "body/extensionAttributes/extensionAttribute2": "@items('Apply_to_each_SP_Item')?['IntuneProfile']",
                                  "body/extensionAttributes/extensionAttribute3": "@items('Apply_to_each_SP_Item')?['Address']"
                                },
                                "authentication": "@parameters('$authentication')"
                              }
                            },
                            "Condition_Response_204_(Success)": {
                              "actions": {
                                "Update_item_-_Completed": {
                                  "runAfter": {},
                                  "metadata": {
                                    "operationMetadataId": "de9b847e-df29-4b3d-809f-4aff20bcbd52"
                                  },
                                  "type": "OpenApiConnection",
                                  "inputs": {
                                    "host": {
                                      "connectionName": "shared_sharepointonline",
                                      "operationId": "PatchItem",
                                      "apiId": "/providers/Microsoft.PowerApps/apis/shared_sharepointonline"
                                    },
                                    "parameters": {
                                      "dataset": "https://txptclabs.sharepoint.com/sites/TXIT",
                                      "table": "73407916-5217-4912-9e47-6ad9bd4d3245",
                                      "id": "@items('Apply_to_each_SP_Item')?['ID']",
                                      "item/Title": "@items('Apply_to_each_SP_Item')?['Title']",
                                      "item/StatusChange/Value": "Completed",
                                      "item/Status_x0020_Description": "Success"
                                    },
                                    "authentication": "@parameters('$authentication')"
                                  }
                                }
                              },
                              "runAfter": {
                                "Entra_-_Update_Managed_Device": [
                                  "Succeeded"
                                ]
                              },
                              "else": {
                                "actions": {
                                  "Update_item_-_Error": {
                                    "runAfter": {},
                                    "metadata": {
                                      "operationMetadataId": "be592987-b857-4a74-b845-16fc296b62ef"
                                    },
                                    "type": "OpenApiConnection",
                                    "inputs": {
                                      "host": {
                                        "connectionName": "shared_sharepointonline",
                                        "operationId": "PatchItem",
                                        "apiId": "/providers/Microsoft.PowerApps/apis/shared_sharepointonline"
                                      },
                                      "parameters": {
                                        "dataset": "https://txptclabs.sharepoint.com/sites/TXIT",
                                        "table": "73407916-5217-4912-9e47-6ad9bd4d3245",
                                        "id": "@items('Apply_to_each_SP_Item')?['ID']",
                                        "item/Title": "@items('Apply_to_each_SP_Item')?['Title']",
                                        "item/StatusChange/Value": "Error",
                                        "item/Status_x0020_Description": "Entra Update Failed for deviceId: @{first(body('Entra_-_Get_Managed_Device')?['value'])?['id']}"
                                      },
                                      "authentication": "@parameters('$authentication')"
                                    }
                                  }
                                }
                              },
                              "expression": {
                                "and": [
                                  {
                                    "equals": [
                                      "@outputs('Entra_-_Update_Managed_Device')?['statusCode']",
                                      204
                                    ]
                                  }
                                ]
                              },
                              "metadata": {
                                "operationMetadataId": "42f7dff6-1064-4f0f-b7b9-7659fd9ef533"
                              },
                              "type": "If"
                            }
                          },
                          "runAfter": {
                            "Entra_-_Get_Managed_Device": [
                              "Succeeded"
                            ]
                          },
                          "else": {
                            "actions": {
                              "Update_item_-_Not_found_in_Entra": {
                                "runAfter": {},
                                "metadata": {
                                  "operationMetadataId": "70172710-5411-4290-8b16-7bfd82126eaa"
                                },
                                "type": "OpenApiConnection",
                                "inputs": {
                                  "host": {
                                    "connectionName": "shared_sharepointonline",
                                    "operationId": "PatchItem",
                                    "apiId": "/providers/Microsoft.PowerApps/apis/shared_sharepointonline"
                                  },
                                  "parameters": {
                                    "dataset": "https://txptclabs.sharepoint.com/sites/TXIT",
                                    "table": "73407916-5217-4912-9e47-6ad9bd4d3245",
                                    "id": "@items('Apply_to_each_SP_Item')?['ID']",
                                    "item/Title": "@items('Apply_to_each_SP_Item')?['Title']",
                                    "item/StatusChange/Value": "Error",
                                    "item/Status_x0020_Description": "Device with deviceId {@{variables('entraId')}} not found in Entra."
                                  },
                                  "authentication": "@parameters('$authentication')"
                                }
                              }
                            }
                          },
                          "expression": {
                            "greater": [
                              "@length(body('Entra_-_Get_Managed_Device')?['value'])",
                              0
                            ]
                          },
                          "metadata": {
                            "operationMetadataId": "112ceade-4c98-4f99-8e68-8caf8c4719cb"
                          },
                          "type": "If"
                        }
                      },
                      "runAfter": {
                        "Set_intuneId": [
                          "Succeeded"
                        ]
                      },
                      "else": {
                        "actions": {
                          "Run_Child_-_Update_Enrollment_Profile": {
                            "runAfter": {},
                            "metadata": {
                              "operationMetadataId": "22e2909b-ba5a-47d2-acec-4b134ba5a561"
                            },
                            "type": "Workflow",
                            "inputs": {
                              "host": {
                                "workflowReferenceName": "5c11e297-f38e-ee11-8179-00224826545c"
                              },
                              "body": {
                                "text": "@parameters('Profile TokenId (ah_profiletokenid)')",
                                "text_1": "@items('Apply_to_each_SP_Item')?['DEPProfile']",
                                "text_2": "{\n   \"deviceIds\":  [\n                     \"@{items('Apply_to_each_SP_Item')?['Title']}\"\n                 ]\n}"
                              }
                            }
                          },
                          "Condition_Update_Enrollment_Profile_Successful": {
                            "actions": {
                              "Run_Device_Wipe_Management": {
                                "runAfter": {},
                                "metadata": {
                                  "operationMetadataId": "5b2ce39e-188d-490b-b429-5c6839aba250"
                                },
                                "type": "Workflow",
                                "inputs": {
                                  "host": {
                                    "workflowReferenceName": "be5f2259-be84-ee11-8179-00224826545c"
                                  },
                                  "body": {
                                    "text": "@variables('intuneId')"
                                  }
                                }
                              },
                              "Switch_ResponseCode": {
                                "runAfter": {
                                  "Run_Device_Wipe_Management": [
                                    "Succeeded"
                                  ]
                                },
                                "cases": {
                                  "Case_204_-_Success": {
                                    "case": "204",
                                    "actions": {
                                      "Set_varStatusDescription_-_Success": {
                                        "runAfter": {},
                                        "metadata": {
                                          "operationMetadataId": "bd341094-9908-4e7e-8134-8086fabfc37c"
                                        },
                                        "type": "SetVariable",
                                        "inputs": {
                                          "name": "varStatusDescription",
                                          "value": "@{'Success'}"
                                        }
                                      },
                                      "Set_varStatus_-_Wipe_Requested": {
                                        "runAfter": {
                                          "Set_varStatusDescription_-_Success": [
                                            "Succeeded"
                                          ]
                                        },
                                        "metadata": {
                                          "operationMetadataId": "01e4de00-7cac-40d5-9936-034c49929f1f"
                                        },
                                        "type": "SetVariable",
                                        "inputs": {
                                          "name": "varStatus",
                                          "value": "Wipe In Progress"
                                        }
                                      }
                                    }
                                  },
                                  "Case_404_Not_Found": {
                                    "case": "404",
                                    "actions": {
                                      "Set_varStatusDescription_-_Not_Found": {
                                        "runAfter": {},
                                        "metadata": {
                                          "operationMetadataId": "17c871b1-1fe9-442d-9bba-52e5e8481dc7"
                                        },
                                        "type": "SetVariable",
                                        "inputs": {
                                          "name": "varStatusDescription",
                                          "value": "@{concat('Device with Intune id ',variables('intuneId'), 'not found.')}"
                                        }
                                      },
                                      "Set_varStatus_-_Error": {
                                        "runAfter": {
                                          "Set_varStatusDescription_-_Not_Found": [
                                            "Succeeded"
                                          ]
                                        },
                                        "metadata": {
                                          "operationMetadataId": "916d03d0-5e9a-46ec-9bdc-6025f2f759da"
                                        },
                                        "type": "SetVariable",
                                        "inputs": {
                                          "name": "varStatus",
                                          "value": "@{'Error'}"
                                        }
                                      }
                                    }
                                  }
                                },
                                "default": {
                                  "actions": {
                                    "Set_varStatusDescription_-_Unknown_Error": {
                                      "runAfter": {},
                                      "metadata": {
                                        "operationMetadataId": "485a9fb5-6f35-4fff-972b-6abc261d062e"
                                      },
                                      "type": "SetVariable",
                                      "inputs": {
                                        "name": "varStatusDescription",
                                        "value": "@{'Unknown error.'}"
                                      }
                                    },
                                    "Set_varStatus-Error": {
                                      "runAfter": {
                                        "Set_varStatusDescription_-_Unknown_Error": [
                                          "Succeeded"
                                        ]
                                      },
                                      "metadata": {
                                        "operationMetadataId": "21a389bc-3987-4b2a-9a4b-f1ef6689edc5"
                                      },
                                      "type": "SetVariable",
                                      "inputs": {
                                        "name": "varStatus",
                                        "value": "@{'Error'}"
                                      }
                                    }
                                  }
                                },
                                "expression": "@body('Run_Device_Wipe_Management')?['responsecode']",
                                "metadata": {
                                  "operationMetadataId": "27e900e3-ca0d-44a8-972d-1f02da54b8b5"
                                },
                                "type": "Switch"
                              },
                              "Update_item": {
                                "runAfter": {
                                  "Switch_ResponseCode": [
                                    "Succeeded"
                                  ]
                                },
                                "metadata": {
                                  "operationMetadataId": "f5f8bb71-eb7f-450c-8e4f-49c7483518e0"
                                },
                                "type": "OpenApiConnection",
                                "inputs": {
                                  "host": {
                                    "connectionName": "shared_sharepointonline",
                                    "operationId": "PatchItem",
                                    "apiId": "/providers/Microsoft.PowerApps/apis/shared_sharepointonline"
                                  },
                                  "parameters": {
                                    "dataset": "https://txptclabs.sharepoint.com/sites/TXIT",
                                    "table": "73407916-5217-4912-9e47-6ad9bd4d3245",
                                    "id": "@items('Apply_to_each_SP_Item')?['ID']",
                                    "item/Title": "@items('Apply_to_each_SP_Item')?['Title']",
                                    "item/StatusChange/Value": "@variables('varStatus')",
                                    "item/Status_x0020_Description": "@variables('varStatusDescription')"
                                  },
                                  "authentication": "@parameters('$authentication')"
                                }
                              }
                            },
                            "runAfter": {
                              "Run_Child_-_Update_Enrollment_Profile": [
                                "Succeeded"
                              ]
                            },
                            "else": {
                              "actions": {
                                "Update_item_Error_Enrollment_Profile": {
                                  "runAfter": {},
                                  "metadata": {
                                    "operationMetadataId": "31e58436-16a9-4389-bffe-df49585b3db2"
                                  },
                                  "type": "OpenApiConnection",
                                  "inputs": {
                                    "host": {
                                      "connectionName": "shared_sharepointonline",
                                      "operationId": "PatchItem",
                                      "apiId": "/providers/Microsoft.PowerApps/apis/shared_sharepointonline"
                                    },
                                    "parameters": {
                                      "dataset": "https://txptclabs.sharepoint.com/sites/TXIT",
                                      "table": "73407916-5217-4912-9e47-6ad9bd4d3245",
                                      "id": "@items('Apply_to_each_SP_Item')?['ID']",
                                      "item/Title": "@items('Apply_to_each_SP_Item')?['Title']",
                                      "item/StatusChange/Value": "Error",
                                      "item/Status_x0020_Description": "Error updating Enrollment Profile \nSystem Message: @{body('Run_Child_-_Update_Enrollment_Profile')?['message']}"
                                    },
                                    "authentication": "@parameters('$authentication')"
                                  }
                                }
                              }
                            },
                            "expression": {
                              "equals": [
                                "@body('Run_Child_-_Update_Enrollment_Profile')?['responsecode']",
                                "200"
                              ]
                            },
                            "metadata": {
                              "operationMetadataId": "d07e56c3-2438-4067-b98d-9ee13b3cbab4"
                            },
                            "type": "If"
                          }
                        }
                      },
                      "expression": {
                        "equals": [
                          "@empty(item()?['DEPProfile'])",
                          "@true"
                        ]
                      },
                      "metadata": {
                        "operationMetadataId": "e26fe599-051d-4caf-a2ab-85e9d7a66605"
                      },
                      "type": "If"
                    },
                    "Set_intuneId": {
                      "runAfter": {
                        "Set_entraId": [
                          "Succeeded"
                        ]
                      },
                      "metadata": {
                        "operationMetadataId": "d47c7149-0524-4420-b83a-9ef6ecedfdd1"
                      },
                      "type": "SetVariable",
                      "inputs": {
                        "name": "intuneId",
                        "value": "@{first(outputs('Get_Managed_Device')?['body/value'])?['id']}"
                      }
                    }
                  },
                  "runAfter": {
                    "Get_Managed_Device": [
                      "Succeeded"
                    ]
                  },
                  "else": {
                    "actions": {
                      "Update_item_-_Not_found_in_Intune": {
                        "runAfter": {},
                        "metadata": {
                          "operationMetadataId": "70172710-5411-4290-8b16-7bfd82126eaa"
                        },
                        "type": "OpenApiConnection",
                        "inputs": {
                          "host": {
                            "connectionName": "shared_sharepointonline",
                            "operationId": "PatchItem",
                            "apiId": "/providers/Microsoft.PowerApps/apis/shared_sharepointonline"
                          },
                          "parameters": {
                            "dataset": "https://txptclabs.sharepoint.com/sites/TXIT",
                            "table": "73407916-5217-4912-9e47-6ad9bd4d3245",
                            "id": "@items('Apply_to_each_SP_Item')?['ID']",
                            "item/Title": "@items('Apply_to_each_SP_Item')?['Title']",
                            "item/StatusChange/Value": "Error",
                            "item/Status_x0020_Description": "Device with Serial Number {@{items('Apply_to_each_SP_Item')?['Title']}} not found in Intune."
                          },
                          "authentication": "@parameters('$authentication')"
                        }
                      }
                    }
                  },
                  "expression": {
                    "greater": [
                      "@  outputs('Get_Managed_Device')?['body/@odata.count']",
                      0
                    ]
                  },
                  "metadata": {
                    "operationMetadataId": "3163e464-0386-4655-9358-e10db1570f4d"
                  },
                  "type": "If"
                },
                "Get_Managed_Device": {
                  "runAfter": {},
                  "metadata": {
                    "operationMetadataId": "fe82451d-1539-49a4-a2a7-b2c6c94aa4f9"
                  },
                  "type": "OpenApiConnection",
                  "inputs": {
                    "host": {
                      "connectionName": "shared_graph-20-2d-20device-20management-5ff5b5fbeebbb-9854a4baa9fd25e3_1",
                      "operationId": "GetManagedDevice",
                      "apiId": "/providers/Microsoft.PowerApps/apis/shared_graph-20-2d-20device-20management-5ff5b5fbeebbb-9854a4baa9fd25e3"
                    },
                    "parameters": {
                      "Content-Type": "application/json",
                      "$filter": "serialNumber eq '@{items('Apply_to_each_SP_Item')?['Title']}'",
                      "$select": "id,deviceName,operatingSystem,azureADDeviceId"
                    },
                    "authentication": "@parameters('$authentication')"
                  }
                }
              },
              "runAfter": {},
              "metadata": {
                "operationMetadataId": "a399bdbe-90dc-42c8-b768-c46092da8cf5"
              },
              "type": "Foreach",
              "runtimeConfiguration": {
                "concurrency": {
                  "repetitions": 1
                }
              }
            }
          },
          "runAfter": {
            "Get_items_-_Power_Automate_-_Draft": [
              "Succeeded"
            ]
          },
          "else": {
            "actions": {
              "Terminate_-_No_records_to_process": {
                "runAfter": {},
                "metadata": {
                  "operationMetadataId": "20473563-ea38-48d9-9c21-7558f8dc974c"
                },
                "type": "Terminate",
                "inputs": {
                  "runStatus": "Cancelled"
                }
              }
            }
          },
          "expression": {
            "and": [
              {
                "greater": [
                  "@length(outputs('Get_items_-_Power_Automate_-_Draft')?['body/value'])",
                  0
                ]
              }
            ]
          },
          "metadata": {
            "operationMetadataId": "e4d74309-6fe4-48c0-87f3-1c43e2f25b5b"
          },
          "type": "If"
        },
        "Initialize_intuneId": {
          "runAfter": {
            "Initialize_Entra_-_id": [
              "Succeeded"
            ]
          },
          "metadata": {
            "operationMetadataId": "35b5449c-a880-43a4-87b7-7bf633131ff2"
          },
          "type": "InitializeVariable",
          "inputs": {
            "variables": [
              {
                "name": "intuneId",
                "type": "string"
              }
            ]
          }
        },
        "Initialize_varStatus": {
          "runAfter": {
            "Initialize_intuneId": [
              "Succeeded"
            ]
          },
          "metadata": {
            "operationMetadataId": "a61c5771-9720-4e8d-ae4a-c0bfc6f02ed1"
          },
          "type": "InitializeVariable",
          "inputs": {
            "variables": [
              {
                "name": "varStatus",
                "type": "string"
              }
            ]
          }
        },
        "Initialize_varStatusDescription": {
          "runAfter": {
            "Initialize_varStatus": [
              "Succeeded"
            ]
          },
          "metadata": {
            "operationMetadataId": "e7638d9f-1f10-4304-ad74-c20d15bdbb2c"
          },
          "type": "InitializeVariable",
          "inputs": {
            "variables": [
              {
                "name": "varStatusDescription",
                "type": "string"
              }
            ]
          }
        }
      }
    },
    "templateName": ""
  },
  "schemaVersion": "1.0.0.0"
}