{"token":{"type":"oauthSetting","oAuthSettings":{"identityProvider":"aad","clientId":"edee83b5-1579-434e-a78f-39ada7615a52","scopes":[],"redirectMode":"Global","redirectUrl":"https://global.consent.azure-apim.net/redirect","properties":{"IsFirstParty":"False","AzureActiveDirectoryResourceId":"https://graph.microsoft.com","IsOnbehalfofLoginSupported":true},"customParameters":{"loginUri":{"value":"https://login.microsoftonline.com"},"tenantId":{"value":"common"},"resourceUri":{"value":"https://graph.microsoft.com"},"enableOnbehalfOfLogin":{"value":"false"}}}},"token:TenantId":{"type":"string","metadata":{"sourceType":"AzureActiveDirectoryTenant"},"uiDefinition":{"constraints":{"required":"false","hidden":"true"}}}}