<ImportExportXml xmlns:xsi="http://www.w3.org/2001/XMLSchema-instance">
  <Entities></Entities>
  <Roles></Roles>
  <Workflows>
    <Workflow WorkflowId="{c2eede0a-1e7f-ee11-8179-00224826545c}" Name="UploadCSVFile">
      <JsonFileName>/Workflows/UploadCSVFile-C2EEDE0A-1E7F-EE11-8179-00224826545C.json</JsonFileName>
      <Type>1</Type>
      <Subprocess>0</Subprocess>
      <Category>5</Category>
      <Mode>0</Mode>
      <Scope>4</Scope>
      <OnDemand>0</OnDemand>
      <TriggerOnCreate>0</TriggerOnCreate>
      <TriggerOnDelete>0</TriggerOnDelete>
      <AsyncAutodelete>0</AsyncAutodelete>
      <SyncWorkflowLogOnFailure>0</SyncWorkflowLogOnFailure>
      <StateCode>1</StateCode>
      <StatusCode>2</StatusCode>
      <RunAs>1</RunAs>
      <IsTransacted>1</IsTransacted>
      <IntroducedVersion>1.0.0.0</IntroducedVersion>
      <IsCustomizable>1</IsCustomizable>
      <BusinessProcessType>0</BusinessProcessType>
      <IsCustomProcessingStepAllowedForOtherPublishers>1</IsCustomProcessingStepAllowedForOtherPublishers>
      <PrimaryEntity>none</PrimaryEntity>
      <LocalizedNames>
        <LocalizedName languagecode="1033" description="UploadCSVFile" />
      </LocalizedNames>
    </Workflow>
    <Workflow WorkflowId="{be5f2259-be84-ee11-8179-00224826545c}" Name="Device Wipe Management">
      <JsonFileName>/Workflows/DeviceWipeManagement-BE5F2259-BE84-EE11-8179-00224826545C.json</JsonFileName>
      <Type>1</Type>
      <Subprocess>0</Subprocess>
      <Category>5</Category>
      <Mode>0</Mode>
      <Scope>4</Scope>
      <OnDemand>0</OnDemand>
      <TriggerOnCreate>0</TriggerOnCreate>
      <TriggerOnDelete>0</TriggerOnDelete>
      <AsyncAutodelete>0</AsyncAutodelete>
      <SyncWorkflowLogOnFailure>0</SyncWorkflowLogOnFailure>
      <StateCode>1</StateCode>
      <StatusCode>2</StatusCode>
      <RunAs>1</RunAs>
      <IsTransacted>1</IsTransacted>
      <IntroducedVersion>1.0.0.0</IntroducedVersion>
      <IsCustomizable>1</IsCustomizable>
      <BusinessProcessType>0</BusinessProcessType>
      <IsCustomProcessingStepAllowedForOtherPublishers>1</IsCustomProcessingStepAllowedForOtherPublishers>
      <PrimaryEntity>none</PrimaryEntity>
      <LocalizedNames>
        <LocalizedName languagecode="1033" description="Device Wipe Management" />
      </LocalizedNames>
    </Workflow>
    <Workflow WorkflowId="{5c11e297-f38e-ee11-8179-00224826545c}" Name="Child - Update Enrollment Profile">
      <JsonFileName>/Workflows/Child-UpdateEnrollmentProfile-5C11E297-F38E-EE11-8179-00224826545C.json</JsonFileName>
      <Type>1</Type>
      <Subprocess>0</Subprocess>
      <Category>5</Category>
      <Mode>0</Mode>
      <Scope>4</Scope>
      <OnDemand>0</OnDemand>
      <TriggerOnCreate>0</TriggerOnCreate>
      <TriggerOnDelete>0</TriggerOnDelete>
      <AsyncAutodelete>0</AsyncAutodelete>
      <SyncWorkflowLogOnFailure>0</SyncWorkflowLogOnFailure>
      <StateCode>1</StateCode>
      <StatusCode>2</StatusCode>
      <RunAs>1</RunAs>
      <IsTransacted>1</IsTransacted>
      <IntroducedVersion>1.0</IntroducedVersion>
      <IsCustomizable>1</IsCustomizable>
      <BusinessProcessType>0</BusinessProcessType>
      <IsCustomProcessingStepAllowedForOtherPublishers>1</IsCustomProcessingStepAllowedForOtherPublishers>
      <PrimaryEntity>none</PrimaryEntity>
      <LocalizedNames>
        <LocalizedName languagecode="1033" description="Child - Update Enrollment Profile" />
      </LocalizedNames>
    </Workflow>
    <Workflow WorkflowId="{b28b0526-1e7f-ee11-8179-00224826545c}" Name="Update devices in Intune">
      <JsonFileName>/Workflows/UpdatedevicesinIntune-B28B0526-1E7F-EE11-8179-00224826545C.json</JsonFileName>
      <Type>1</Type>
      <Subprocess>0</Subprocess>
      <Category>5</Category>
      <Mode>0</Mode>
      <Scope>4</Scope>
      <OnDemand>0</OnDemand>
      <TriggerOnCreate>0</TriggerOnCreate>
      <TriggerOnDelete>0</TriggerOnDelete>
      <AsyncAutodelete>0</AsyncAutodelete>
      <SyncWorkflowLogOnFailure>0</SyncWorkflowLogOnFailure>
      <StateCode>1</StateCode>
      <StatusCode>2</StatusCode>
      <RunAs>1</RunAs>
      <IsTransacted>1</IsTransacted>
      <IntroducedVersion>1.0.0.0</IntroducedVersion>
      <IsCustomizable>1</IsCustomizable>
      <BusinessProcessType>0</BusinessProcessType>
      <IsCustomProcessingStepAllowedForOtherPublishers>1</IsCustomProcessingStepAllowedForOtherPublishers>
      <PrimaryEntity>none</PrimaryEntity>
      <LocalizedNames>
        <LocalizedName languagecode="1033" description="Update devices in Intune" />
      </LocalizedNames>
    </Workflow>
    <Workflow WorkflowId="{5e92acce-458e-ee11-8179-00224826545c}" Name="Child - Update Extension Attributes">
      <JsonFileName>/Workflows/Child-UpdateExtensionAttributes-5E92ACCE-458E-EE11-8179-00224826545C.json</JsonFileName>
      <Type>1</Type>
      <Subprocess>0</Subprocess>
      <Category>5</Category>
      <Mode>0</Mode>
      <Scope>4</Scope>
      <OnDemand>0</OnDemand>
      <TriggerOnCreate>0</TriggerOnCreate>
      <TriggerOnDelete>0</TriggerOnDelete>
      <AsyncAutodelete>0</AsyncAutodelete>
      <SyncWorkflowLogOnFailure>0</SyncWorkflowLogOnFailure>
      <StateCode>1</StateCode>
      <StatusCode>2</StatusCode>
      <RunAs>1</RunAs>
      <IsTransacted>1</IsTransacted>
      <IntroducedVersion>1.0.0.0</IntroducedVersion>
      <IsCustomizable>1</IsCustomizable>
      <BusinessProcessType>0</BusinessProcessType>
      <IsCustomProcessingStepAllowedForOtherPublishers>1</IsCustomProcessingStepAllowedForOtherPublishers>
      <PrimaryEntity>none</PrimaryEntity>
      <LocalizedNames>
        <LocalizedName languagecode="1033" description="Child - Update Extension Attributes" />
      </LocalizedNames>
    </Workflow>
    <Workflow WorkflowId="{0ed77f34-a185-ee11-8179-00224826545c}" Name="Check Device Wipe Success">
      <JsonFileName>/Workflows/CheckDeviceWipeSuccess-0ED77F34-A185-EE11-8179-00224826545C.json</JsonFileName>
      <Type>1</Type>
      <Subprocess>0</Subprocess>
      <Category>5</Category>
      <Mode>0</Mode>
      <Scope>4</Scope>
      <OnDemand>0</OnDemand>
      <TriggerOnCreate>0</TriggerOnCreate>
      <TriggerOnDelete>0</TriggerOnDelete>
      <AsyncAutodelete>0</AsyncAutodelete>
      <SyncWorkflowLogOnFailure>0</SyncWorkflowLogOnFailure>
      <StateCode>1</StateCode>
      <StatusCode>2</StatusCode>
      <RunAs>1</RunAs>
      <IsTransacted>1</IsTransacted>
      <IntroducedVersion>1.0.0.0</IntroducedVersion>
      <IsCustomizable>1</IsCustomizable>
      <BusinessProcessType>0</BusinessProcessType>
      <IsCustomProcessingStepAllowedForOtherPublishers>1</IsCustomProcessingStepAllowedForOtherPublishers>
      <PrimaryEntity>none</PrimaryEntity>
      <LocalizedNames>
        <LocalizedName languagecode="1033" description="Check Device Wipe Success" />
      </LocalizedNames>
    </Workflow>
  </Workflows>
  <FieldSecurityProfiles></FieldSecurityProfiles>
  <Templates />
  <EntityMaps />
  <EntityRelationships />
  <OrganizationSettings />
  <optionsets />
  <CustomControls />
  <EntityDataProviders />
  <CanvasApps>
    <CanvasApp>
      <Name>ah_ahdevicemanagementupdated_caaf6</Name>
      <AppVersion>2023-12-02T13:01:02Z</AppVersion>
      <Status>Ready</Status>
      <CreatedByClientVersion>3.23105.18.0</CreatedByClientVersion>
      <MinClientVersion>3.23105.18.0</MinClientVersion>
      <Tags>{"primaryDeviceWidth":"1366","primaryDeviceHeight":"768","supportsPortrait":"true","supportsLandscape":"true","primaryFormFactor":"Tablet","showStatusBar":"false","publisherVersion":"3.23105.18","minimumRequiredApiVersion":"2.2.0","hasComponent":"false","hasUnlockedComponent":"false","isUnifiedRootApp":"false","sienaVersion":"20231109T183241Z-3.23104.18.0"}</Tags>
      <IsCdsUpgraded>0</IsCdsUpgraded>
      <GalleryItemId xsi:nil="true"></GalleryItemId>
      <BackgroundColor>RGBA(0,176,240,1)</BackgroundColor>
      <DisplayName>AH - Device Management</DisplayName>
      <Description>Filter view by User and Not Completed</Description>
      <CommitMessage xsi:nil="true"></CommitMessage>
      <Publisher xsi:nil="true"></Publisher>
      <AuthorizationReferences>[]</AuthorizationReferences>
      <ConnectionReferences>{"c2a5544b-7481-46f1-8ca4-08bb06e4c28c":{"id":"/providers/microsoft.powerapps/apis/shared_sharepointonline","displayName":"SharePoint","iconUri":"https://connectoricons-prod.azureedge.net/releases/v1.0.1664/1.0.1664.3477/sharepointonline/icon.png","dataSources":["DEP Profile List","Platform","Power Automate Actions","Profiles","Campus"],"dependencies":[],"dependents":["13a7250b-1c1d-427e-8709-d2eab86f8eb7"],"parameterHints":{},"parameterHintsV2":{},"isOnPremiseConnection":false,"bypassConsent":false,"dataSets":{"https://txptclabs.sharepoint.com/sites/TXIT":{"dataSources":{"DEP Profile List":{"tableName":"84955420-9ffc-4a18-84d3-5b10a8c6ccac"},"Platform":{"tableName":"53b2c75d-2b44-4229-8cf9-c69b50ee7e9f"},"Power Automate Actions":{"tableName":"73407916-5217-4912-9e47-6ad9bd4d3245"},"Profiles":{"tableName":"41449a43-e554-4f67-bfaa-85fcde8bfa11"},"Campus":{"tableName":"ee03a838-3213-429d-9b8c-8a292194c683"}}}},"apiTier":"Standard","actions":["providers/PowerPlatform.Governance/Operations/Read","providers/PowerPlatform.Governance/Operations/Write"]},"13a7250b-1c1d-427e-8709-d2eab86f8eb7":{"id":"/providers/microsoft.powerapps/apis/shared_logicflows","displayName":"Logic flows","iconUri":"https://connectoricons-prod.azureedge.net/releases/v1.0.1664/1.0.1664.3477/logicflows/icon.png","dataSources":["UploadCSVFile"],"dependencies":["c2a5544b-7481-46f1-8ca4-08bb06e4c28c"],"dependents":[],"parameterHints":{"workflowName":{"value":"4c6651ec-72b6-4af3-ad1b-23e4c3e64181"},"workflowEntityId":{},"c2a5544b-7481-46f1-8ca4-08bb06e4c28c":{"value":"shared_sharepointonline"}},"parameterHintsV2":{"workflowName":{"value":"4c6651ec-72b6-4af3-ad1b-23e4c3e64181"},"workflowEntityId":{},"shared_sharepointonline":{"value":"c2a5544b-7481-46f1-8ca4-08bb06e4c28c"}},"isOnPremiseConnection":false,"bypassConsent":false,"dataSets":{},"apiTier":"Standard","actions":["Run"]}}</ConnectionReferences>
      <DatabaseReferences>{}</DatabaseReferences>
      <AppComponents>[]</AppComponents>
      <AppComponentDependencies>[]</AppComponentDependencies>
      <CanConsumeAppPass>1</CanConsumeAppPass>
      <CanvasAppType>0</CanvasAppType>
      <BypassConsent>0</BypassConsent>
      <AdminControlBypassConsent>0</AdminControlBypassConsent>
      <EmbeddedApp xsi:nil="true"></EmbeddedApp>
      <IntroducedVersion>1.0</IntroducedVersion>
      <CdsDependencies>{"cdsdependencies":[]}</CdsDependencies>
      <IsCustomizable>1</IsCustomizable>
      <BackgroundImageUri>/CanvasApps/ah_ahdevicemanagementupdated_caaf6_BackgroundImageUri</BackgroundImageUri>
      <DocumentUri>/CanvasApps/ah_ahdevicemanagementupdated_caaf6_DocumentUri.msapp</DocumentUri>
    </CanvasApp>
  </CanvasApps>
  <Connectors>
    <Connector>
      <connectorid>c889dfd2-b302-48b9-96ab-bb47993f68c6</connectorid>
      <description>Connector for Microsoft Graph Device Management for Entra and Intune.</description>
      <displayname>Graph - Device Management</displayname>
      <iconbrandcolor>#007ee5</iconbrandcolor>
      <name>ah_graph-20-2d-20device-20management</name>
      <connectortype>1</connectortype>
      <openapidefinition>/Connector/ah_graph-20-2d-20device-20management_openapidefinition.json</openapidefinition>
      <connectionparameters>/Connector/ah_graph-20-2d-20device-20management_connectionparameters.json</connectionparameters>
      <policytemplateinstances>/Connector/ah_graph-20-2d-20device-20management_policytemplateinstances.json</policytemplateinstances>
      <iconblob>/Connector/ah_graph-20-2d-20device-20management_iconblob.Png</iconblob>
    </Connector>
  </Connectors>
  <connectionreferences>
    <connectionreference connectionreferencelogicalname="ah_sharedgraph202d20device20management5ff5b5fbeebbb9854a4baa9fd25e3_3fa21">
      <connectionreferencedisplayname>Graph - Device Management AdventHealthDeviceManagement-3fa21</connectionreferencedisplayname>
      <connectorid>/providers/Microsoft.PowerApps/apis/shared_graph-20-2d-20device-20management-5ff5b5fbeebbb-9854a4baa9fd25e3</connectorid>
      <customconnectorid>
        <connectorid>c889dfd2-b302-48b9-96ab-bb47993f68c6</connectorid>
      </customconnectorid>
      <iscustomizable>1</iscustomizable>
      <statecode>0</statecode>
      <statuscode>1</statuscode>
    </connectionreference>
    <connectionreference connectionreferencelogicalname="ah_sharedsharepointonline_43251">
      <connectionreferencedisplayname>SharePoint AdventHealthDeviceManagement-43251</connectionreferencedisplayname>
      <connectorid>/providers/Microsoft.PowerApps/apis/shared_sharepointonline</connectorid>
      <iscustomizable>1</iscustomizable>
      <statecode>0</statecode>
      <statuscode>1</statuscode>
    </connectionreference>
  </connectionreferences>
  <Languages>
    <Language>1033</Language>
  </Languages>
</ImportExportXml>