<environmentvariabledefinition schemaname="ah_shared_sharepointonline_176e340cfba04762acb08e5063e37f35">
  <apiid>/providers/microsoft.powerapps/apis/shared_sharepointonline</apiid>
  <displayname default="Power Automate Actions">
    <label description="Power Automate Actions" languagecode="1033" />
  </displayname>
  <introducedversion>1.0.0.2</introducedversion>
  <iscustomizable>1</iscustomizable>
  <isrequired>0</isrequired>
  <parameterkey>table</parameterkey>
  <parentdefinitionid>
    <schemaname>ah_SPSite</schemaname>
  </parentdefinitionid>
  <secretstore>0</secretstore>
  <type>100000004</type>
</environmentvariabledefinition>