<environmentvariabledefinition schemaname="ah_SPSite">
  <apiid>/providers/microsoft.powerapps/apis/shared_sharepointonline</apiid>
  <description default="Sharepoint Site URL">
    <label description="Sharepoint Site URL" languagecode="1033" />
  </description>
  <displayname default="SP Site">
    <label description="SP Site" languagecode="1033" />
  </displayname>
  <introducedversion>1.0.0.2</introducedversion>
  <iscustomizable>1</iscustomizable>
  <isrequired>0</isrequired>
  <parameterkey>dataset</parameterkey>
  <secretstore>0</secretstore>
  <type>100000004</type>
</environmentvariabledefinition>