<ImportExportXml xmlns:xsi="http://www.w3.org/2001/XMLSchema-instance">
  <Entities></Entities>
  <Roles></Roles>
  <Workflows></Workflows>
  <FieldSecurityProfiles></FieldSecurityProfiles>
  <Templates />
  <EntityMaps />
  <EntityRelationships />
  <OrganizationSettings />
  <optionsets />
  <CustomControls />
  <EntityDataProviders />
  <Connectors>
    <Connector>
      <connectorid>c889dfd2-b302-48b9-96ab-bb47993f68c6</connectorid>
      <description>Connector for Microsoft Graph Device Management for Entra and Intune.</description>
      <displayname>Graph - Device Management</displayname>
      <iconbrandcolor>#007ee5</iconbrandcolor>
      <name>ah_graph-20-2d-20device-20management</name>
      <connectortype>1</connectortype>
      <openapidefinition>/Connector/ah_graph-20-2d-20device-20management_openapidefinition.json</openapidefinition>
      <connectionparameters>/Connector/ah_graph-20-2d-20device-20management_connectionparameters.json</connectionparameters>
      <policytemplateinstances>/Connector/ah_graph-20-2d-20device-20management_policytemplateinstances.json</policytemplateinstances>
      <iconblob>/Connector/ah_graph-20-2d-20device-20management_iconblob.Png</iconblob>
    </Connector>
  </Connectors>
  <Languages>
    <Language>1033</Language>
  </Languages>
</ImportExportXml>