{
  "properties": {
    "connectionReferences": {
      "shared_sharepointonline": {
        "runtimeSource": "invoker",
        "connection": {
          "connectionReferenceLogicalName": "ah_sharedsharepointonline_43251"
        },
        "api": {
          "name": "shared_sharepointonline"
        }
      }
    },
    "definition": {
      "$schema": "https://schema.management.azure.com/providers/Microsoft.Logic/schemas/2016-06-01/workflowdefinition.json#",
      "contentVersion": "1.0.0.0",
      "parameters": {
        "$connections": {
          "defaultValue": {},
          "type": "Object"
        },
        "$authentication": {
          "defaultValue": {},
          "type": "SecureObject"
        }
      },
      "triggers": {
        "manual": {
          "metadata": {
            "operationMetadataId": "9f414841-77a0-4629-b97b-552b75d31176"
          },
          "type": "Request",
          "kind": "PowerApp",
          "inputs": {
            "schema": {
              "type": "object",
              "properties": {
                "Initializevariable_Value": {
                  "type": "string",
                  "description": "Enter initial value",
                  "x-ms-powerflows-param-ispartial": false
                }
              },
              "required": [
                "Initializevariable_Value"
              ]
            }
          }
        }
      },
      "actions": {
        "varAttachments": {
          "runAfter": {
            "Initialize_varCount": [
              "Succeeded"
            ]
          },
          "metadata": {
            "operationMetadataId": "3feaa13f-44fd-4d52-8c5c-1a1105249d89"
          },
          "type": "InitializeVariable",
          "inputs": {
            "variables": [
              {
                "name": "varAttachments",
                "type": "string",
                "value": "@{triggerBody()['Initializevariable_Value']}"
              }
            ]
          }
        },
        "Compose-CastJSON_varAttachments": {
          "runAfter": {
            "varAddress": [
              "Succeeded"
            ]
          },
          "metadata": {
            "operationMetadataId": "015f72cf-b923-4986-9798-a6d91a57be4b"
          },
          "type": "Compose",
          "inputs": "@json(variables('varAttachments'))"
        },
        "Parse_JSON": {
          "runAfter": {
            "Compose-CastJSON_varAttachments": [
              "Succeeded"
            ]
          },
          "metadata": {
            "operationMetadataId": "1bd54c32-36aa-4d09-b634-fbcb7763c065"
          },
          "type": "ParseJson",
          "inputs": {
            "content": "@outputs('Compose-CastJSON_varAttachments')",
            "schema": {
              "type": "array",
              "items": {
                "type": "object",
                "properties": {
                  "DataStream": {
                    "type": "string"
                  },
                  "Title": {
                    "type": "string"
                  }
                },
                "required": [
                  "DataStream",
                  "Title"
                ]
              }
            }
          }
        },
        "Apply_to_each_JSON_Element": {
          "foreach": "@body('Parse_JSON')",
          "actions": {
            "Compose-DecodeDataStream": {
              "runAfter": {},
              "metadata": {
                "operationMetadataId": "602882f0-8615-4523-95a2-01983c5228b5"
              },
              "type": "Compose",
              "inputs": "@base64ToString(replace(items('Apply_to_each_JSON_Element')['DataStream'],'data:application/octet-stream;base64,',''))"
            },
            "Set_varRow": {
              "runAfter": {
                "Compose-DecodeDataStream": [
                  "Succeeded"
                ]
              },
              "metadata": {
                "operationMetadataId": "0ebaecb9-4af6-4a05-a900-e3954de29f91"
              },
              "type": "SetVariable",
              "inputs": {
                "name": "varRow",
                "value": "@split(outputs('Compose-DecodeDataStream'),decodeUriComponent('%0D%0A'))"
              }
            },
            "Apply_to_each_row": {
              "foreach": "@variables('varRow')",
              "actions": {
                "Condition_-_Avoid_Header_and_last_row": {
                  "actions": {
                    "Create_item": {
                      "runAfter": {},
                      "metadata": {
                        "operationMetadataId": "ba4dee0f-291c-406b-adca-12204ee29078"
                      },
                      "type": "OpenApiConnection",
                      "inputs": {
                        "host": {
                          "connectionName": "shared_sharepointonline",
                          "operationId": "PostItem",
                          "apiId": "/providers/Microsoft.PowerApps/apis/shared_sharepointonline"
                        },
                        "parameters": {
                          "dataset": "https://txptclabs.sharepoint.com/sites/TXIT",
                          "table": "73407916-5217-4912-9e47-6ad9bd4d3245",
                          "view": "8884a470-c58f-4c3c-a544-56e4273d2f25",
                          "item/Title": "@First(split(items('Apply_to_each_row'),','))",
                          "item/Campus": "@variables('varCampus')",
                          "item/IntuneProfile": "@variables('varProfile')",
                          "item/DEPProfile": "@variables('varDEPProfile')",
                          "item/Platform/Value": "@variables('varPlatform')",
                          "item/Address": "@variables('varAddress')",
                          "item/StatusChange/Value": "Draft"
                        },
                        "authentication": {
                          "type": "Raw",
                          "value": "@json(decodeBase64(triggerOutputs().headers['X-MS-APIM-Tokens']))['$ConnectionKey']"
                        }
                      }
                    }
                  },
                  "runAfter": {},
                  "expression": {
                    "and": [
                      {
                        "not": {
                          "equals": [
                            "@length(variables('varRow'))",
                            "@variables('varCount')"
                          ]
                        }
                      },
                      {
                        "not": {
                          "equals": [
                            "@1",
                            "@variables('varCount')"
                          ]
                        }
                      }
                    ]
                  },
                  "metadata": {
                    "operationMetadataId": "e26261cc-ab53-4f46-8987-362276f20973"
                  },
                  "type": "If"
                },
                "Increment_varCount_+_1": {
                  "runAfter": {
                    "Condition_-_Avoid_Header_and_last_row": [
                      "Succeeded"
                    ]
                  },
                  "metadata": {
                    "operationMetadataId": "772908b8-78c3-4457-b73e-6292fb464715"
                  },
                  "type": "IncrementVariable",
                  "inputs": {
                    "name": "varCount",
                    "value": 1
                  }
                }
              },
              "runAfter": {
                "Set_varRow": [
                  "Succeeded"
                ]
              },
              "metadata": {
                "operationMetadataId": "d3c704dd-0b97-43c8-905b-dd9954a939b8"
              },
              "type": "Foreach",
              "runtimeConfiguration": {
                "concurrency": {
                  "repetitions": 1
                }
              }
            }
          },
          "runAfter": {
            "Set_varAddress": [
              "Succeeded"
            ]
          },
          "metadata": {
            "operationMetadataId": "a69b296b-09f6-40c6-8c36-eebaf6c6df79"
          },
          "type": "Foreach",
          "runtimeConfiguration": {
            "concurrency": {
              "repetitions": 1
            }
          }
        },
        "varSerialNumber": {
          "runAfter": {
            "varRow": [
              "Succeeded"
            ]
          },
          "metadata": {
            "operationMetadataId": "e76bfd87-9047-4be8-81b4-fcd169e73187"
          },
          "type": "InitializeVariable",
          "inputs": {
            "variables": [
              {
                "name": "varSerialNumber",
                "type": "string"
              }
            ]
          }
        },
        "varDeviceName": {
          "runAfter": {
            "varSerialNumber": [
              "Succeeded"
            ]
          },
          "metadata": {
            "operationMetadataId": "b3d5ecf6-02a2-4f92-845d-6abe6ae76e0b"
          },
          "type": "InitializeVariable",
          "inputs": {
            "variables": [
              {
                "name": "varDeviceName",
                "type": "string"
              }
            ]
          }
        },
        "varDeviceId": {
          "runAfter": {
            "varDeviceName": [
              "Succeeded"
            ]
          },
          "metadata": {
            "operationMetadataId": "8e7d2ddf-3bae-44e3-aad3-91331f567782"
          },
          "type": "InitializeVariable",
          "inputs": {
            "variables": [
              {
                "name": "varDeviceId",
                "type": "string"
              }
            ]
          }
        },
        "varRow": {
          "runAfter": {
            "varAttachments": [
              "Succeeded"
            ]
          },
          "metadata": {
            "operationMetadataId": "d56c1a16-7abc-481d-953e-4a3fd53650f4"
          },
          "type": "InitializeVariable",
          "inputs": {
            "variables": [
              {
                "name": "varRow",
                "type": "array"
              }
            ]
          }
        },
        "Initialize_varCount": {
          "runAfter": {},
          "metadata": {
            "operationMetadataId": "903aa90c-3938-42cf-97be-6d071e08ed7b"
          },
          "type": "InitializeVariable",
          "inputs": {
            "variables": [
              {
                "name": "varCount",
                "type": "integer",
                "value": 1
              }
            ]
          }
        },
        "varCampus": {
          "runAfter": {
            "varDeviceId": [
              "Succeeded"
            ]
          },
          "metadata": {
            "operationMetadataId": "0782aaeb-9f71-4823-9cca-3650277aabac"
          },
          "type": "InitializeVariable",
          "inputs": {
            "variables": [
              {
                "name": "varCampus",
                "type": "string"
              }
            ]
          }
        },
        "varPlatform": {
          "runAfter": {
            "varCampus": [
              "Succeeded"
            ]
          },
          "metadata": {
            "operationMetadataId": "b910e86b-5357-45f7-8598-89a28d48f3a0"
          },
          "type": "InitializeVariable",
          "inputs": {
            "variables": [
              {
                "name": "varPlatform",
                "type": "string"
              }
            ]
          }
        },
        "varProfile": {
          "runAfter": {
            "varPlatform": [
              "Succeeded"
            ]
          },
          "metadata": {
            "operationMetadataId": "9562e61a-7923-466d-9533-b826b70da5ef"
          },
          "type": "InitializeVariable",
          "inputs": {
            "variables": [
              {
                "name": "varProfile",
                "type": "string"
              }
            ]
          }
        },
        "Set_varCampus": {
          "runAfter": {
            "Parse_JSON": [
              "Succeeded"
            ]
          },
          "metadata": {
            "operationMetadataId": "7668ec2c-46d3-4905-964a-3375a6d265cf"
          },
          "type": "SetVariable",
          "inputs": {
            "name": "varCampus",
            "value": "@{body('Parse_JSON')?[0]['Campus']}"
          }
        },
        "Set_varPlatform": {
          "runAfter": {
            "Set_varCampus": [
              "Succeeded"
            ]
          },
          "metadata": {
            "operationMetadataId": "8c276f4e-f6ea-4341-a84d-341f691f670a"
          },
          "type": "SetVariable",
          "inputs": {
            "name": "varPlatform",
            "value": "@{body('Parse_JSON')?[0]['Platform']}"
          }
        },
        "Set_varProfile": {
          "runAfter": {
            "Set_varPlatform": [
              "Succeeded"
            ]
          },
          "metadata": {
            "operationMetadataId": "cea14380-287f-4c11-af22-a13eb34d4304"
          },
          "type": "SetVariable",
          "inputs": {
            "name": "varProfile",
            "value": "@{body('Parse_JSON')?[0]['Profile']}"
          }
        },
        "varAddress": {
          "runAfter": {
            "varDEPProfile": [
              "Succeeded"
            ]
          },
          "metadata": {
            "operationMetadataId": "17971559-99ef-4ef5-95a0-53ed1d2aa6d2"
          },
          "type": "InitializeVariable",
          "inputs": {
            "variables": [
              {
                "name": "varAddress",
                "type": "string"
              }
            ]
          }
        },
        "Set_varAddress": {
          "runAfter": {
            "Set_varDEPProfile": [
              "Succeeded"
            ]
          },
          "metadata": {
            "operationMetadataId": "69be8fa9-a1e8-4bb5-8cca-61630257cc95"
          },
          "type": "SetVariable",
          "inputs": {
            "name": "varAddress",
            "value": "@{body('Parse_JSON')?[0]['Address']}"
          }
        },
        "varDEPProfile": {
          "runAfter": {
            "varProfile": [
              "Succeeded"
            ]
          },
          "metadata": {
            "operationMetadataId": "4290d49e-8642-496e-8336-07da0d0544b0"
          },
          "type": "InitializeVariable",
          "inputs": {
            "variables": [
              {
                "name": "varDEPProfile",
                "type": "string"
              }
            ]
          }
        },
        "Set_varDEPProfile": {
          "runAfter": {
            "Set_varProfile": [
              "Succeeded"
            ]
          },
          "metadata": {
            "operationMetadataId": "9ff8d682-b33a-4505-a44e-7f506282ca21"
          },
          "type": "SetVariable",
          "inputs": {
            "name": "varDEPProfile",
            "value": "@{body('Parse_JSON')?[0]['DEPProfile']}"
          }
        }
      }
    },
    "templateName": ""
  },
  "schemaVersion": "1.0.0.0"
}