{
  "properties": {
    "connectionReferences": {
      "shared_sharepointonline": {
        "runtimeSource": "embedded",
        "connection": {
          "connectionReferenceLogicalName": "ah_sharedsharepointonline_43251"
        },
        "api": {
          "name": "shared_sharepointonline"
        }
      },
      "shared_graph-20-2d-20device-20management-5ff5b5fbeebbb-9854a4baa9fd25e3": {
        "runtimeSource": "embedded",
        "connection": {
          "connectionReferenceLogicalName": "ah_sharedgraph202d20device20management5ff5b5fbeebbb9854a4baa9fd25e3_3fa21"
        },
        "api": {
          "name": "shared_graph-20-2d-20device-20management-5ff5b5fbeebbb-9854a4baa9fd25e3",
          "logicalName": "ah_graph-20-2d-20device-20management"
        }
      }
    },
    "definition": {
      "$schema": "https://schema.management.azure.com/providers/Microsoft.Logic/schemas/2016-06-01/workflowdefinition.json#",
      "contentVersion": "1.0.0.0",
      "parameters": {
        "$authentication": {
          "defaultValue": {},
          "type": "SecureObject"
        },
        "$connections": {
          "defaultValue": {},
          "type": "Object"
        }
      },
      "triggers": {
        "Recurrence": {
          "recurrence": {
            "frequency": "Minute",
            "interval": 5,
            "startTime": "2023-11-17T15:00:00Z"
          },
          "metadata": {
            "operationMetadataId": "d6a6338e-7cfb-4e9c-9d36-a5623d51e395"
          },
          "type": "Recurrence"
        }
      },
      "actions": {
        "Get_items_-_Wipe_Requested": {
          "runAfter": {
            "Initialize_varAzureADDeviceId": [
              "Succeeded"
            ]
          },
          "metadata": {
            "operationMetadataId": "b8e23a89-2ae4-477b-bd52-6e030af762a6"
          },
          "type": "OpenApiConnection",
          "inputs": {
            "parameters": {
              "dataset": "https://txptclabs.sharepoint.com/sites/TXIT",
              "table": "73407916-5217-4912-9e47-6ad9bd4d3245",
              "$filter": "StatusChange eq 'Wipe In Progress'",
              "view": "8884a470-c58f-4c3c-a544-56e4273d2f25"
            },
            "host": {
              "apiId": "/providers/Microsoft.PowerApps/apis/shared_sharepointonline",
              "operationId": "GetItems",
              "connectionName": "shared_sharepointonline"
            }
          }
        },
        "Apply_to_each_SP_Item": {
          "foreach": "@outputs('Get_items_-_Wipe_Requested')?['body/value']",
          "actions": {
            "Get_Managed_Device": {
              "metadata": {
                "operationMetadataId": "77cb3a3c-6007-4d73-afc2-6e4251e84d5d"
              },
              "type": "OpenApiConnection",
              "inputs": {
                "parameters": {
                  "Content-Type": "application/json",
                  "$filter": "serialNumber eq '@{items('Apply_to_each_SP_Item')?['Title']}'",
                  "$select": "id,serialNumber,azureADDeviceId"
                },
                "host": {
                  "apiId": "/providers/Microsoft.PowerApps/apis/shared_graph-20-2d-20device-20management-5ff5b5fbeebbb-9854a4baa9fd25e3",
                  "operationId": "GetManagedDevice",
                  "connectionName": "shared_graph-20-2d-20device-20management-5ff5b5fbeebbb-9854a4baa9fd25e3"
                }
              }
            },
            "Condition_GetManagedDevice_gt_0": {
              "actions": {
                "Set_varAzureADDeviceId": {
                  "metadata": {
                    "operationMetadataId": "a1fcbece-346b-4594-b4ba-ad54520d43a7"
                  },
                  "type": "SetVariable",
                  "inputs": {
                    "name": "varAzureADDeviceId",
                    "value": "@{first(outputs('Get_Managed_Device')?['body/value'])?['azureADDeviceId']}"
                  }
                },
                "Run_Child_-_Update_Extension_Attributes": {
                  "runAfter": {
                    "Set_varAzureADDeviceId": [
                      "Succeeded"
                    ]
                  },
                  "metadata": {
                    "operationMetadataId": "f2214ce7-e46d-45da-a0f0-e06b7e7fb8b1"
                  },
                  "type": "Workflow",
                  "inputs": {
                    "host": {
                      "workflowReferenceName": "5e92acce-458e-ee11-8179-00224826545c"
                    },
                    "body": {
                      "text": "@variables('varAzureADDeviceId')",
                      "text_1": "@items('Apply_to_each_SP_Item')?['Campus']",
                      "text_2": "@items('Apply_to_each_SP_Item')?['IntuneProfile']",
                      "text_3": "@items('Apply_to_each_SP_Item')?['Address']"
                    }
                  }
                },
                "Update_item_Completed": {
                  "runAfter": {
                    "Run_Child_-_Update_Extension_Attributes": [
                      "Succeeded"
                    ]
                  },
                  "metadata": {
                    "operationMetadataId": "aa951f81-4068-47b0-9e11-493f43cc2827"
                  },
                  "type": "OpenApiConnection",
                  "inputs": {
                    "parameters": {
                      "dataset": "https://txptclabs.sharepoint.com/sites/TXIT",
                      "table": "73407916-5217-4912-9e47-6ad9bd4d3245",
                      "id": "@items('Apply_to_each_SP_Item')?['ID']",
                      "item/Title": "@items('Apply_to_each_SP_Item')?['Title']",
                      "item/StatusChange/Value": "Completed",
                      "item/Status_x0020_Description": "Device wipe and update completed."
                    },
                    "host": {
                      "apiId": "/providers/Microsoft.PowerApps/apis/shared_sharepointonline",
                      "operationId": "PatchItem",
                      "connectionName": "shared_sharepointonline"
                    }
                  }
                }
              },
              "runAfter": {
                "Get_Managed_Device": [
                  "Succeeded"
                ]
              },
              "else": {
                "actions": {}
              },
              "expression": {
                "greater": [
                  "@outputs('Get_Managed_Device')?['body/@odata.count']",
                  0
                ]
              },
              "metadata": {
                "operationMetadataId": "ee7135e5-ca3c-4365-b377-f744c88e2b69"
              },
              "type": "If"
            }
          },
          "runAfter": {
            "Get_items_-_Wipe_Requested": [
              "Succeeded"
            ]
          },
          "metadata": {
            "operationMetadataId": "434fe7b5-3cb9-415e-a4d1-3b77dfe813ad"
          },
          "type": "Foreach",
          "runtimeConfiguration": {
            "concurrency": {
              "repetitions": 1
            }
          }
        },
        "Initialize_varAzureADDeviceId": {
          "runAfter": {},
          "metadata": {
            "operationMetadataId": "718fc5aa-a7e4-4a69-b34e-f71348d6fbd3"
          },
          "type": "InitializeVariable",
          "inputs": {
            "variables": [
              {
                "name": "varAzureADDeviceId",
                "type": "string"
              }
            ]
          }
        }
      }
    },
    "templateName": null
  },
  "schemaVersion": "1.0.0.0"
}