{
  "properties": {
    "connectionReferences": {
      "shared_graph-20-2d-20device-20management-5ff5b5fbeebbb-9854a4baa9fd25e3": {
        "runtimeSource": "embedded",
        "connection": {
          "connectionReferenceLogicalName": "ah_sharedgraph202d20device20management5ff5b5fbeebbb9854a4baa9fd25e3_3fa21"
        },
        "api": {
          "name": "shared_graph-20-2d-20device-20management-5ff5b5fbeebbb-9854a4baa9fd25e3",
          "logicalName": "ah_graph-20-2d-20device-20management"
        }
      }
    },
    "definition": {
      "$schema": "https://schema.management.azure.com/providers/Microsoft.Logic/schemas/2016-06-01/workflowdefinition.json#",
      "contentVersion": "1.0.0.0",
      "parameters": {
        "$authentication": {
          "defaultValue": {},
          "type": "SecureObject"
        },
        "$connections": {
          "defaultValue": {},
          "type": "Object"
        }
      },
      "triggers": {
        "manual": {
          "metadata": {
            "operationMetadataId": "58a58ecc-dd08-41f9-9845-452e8d77c5d0"
          },
          "type": "Request",
          "kind": "Button",
          "inputs": {
            "schema": {
              "type": "object",
              "properties": {
                "text": {
                  "title": "DeviceId",
                  "type": "string",
                  "x-ms-dynamically-added": true,
                  "description": "Please enter your input",
                  "x-ms-content-hint": "TEXT"
                }
              },
              "required": [
                "text"
              ]
            }
          }
        }
      },
      "actions": {
        "Respond_to_a_PowerApp_or_flow": {
          "runAfter": {
            "Switch_Wipe_ResponseCode": [
              "Succeeded"
            ]
          },
          "metadata": {
            "operationMetadataId": "36e7ea0c-f62a-4d95-8453-d70df6f6655b"
          },
          "type": "Response",
          "kind": "PowerApp",
          "inputs": {
            "schema": {
              "type": "object",
              "properties": {
                "message": {
                  "title": "Message",
                  "x-ms-dynamically-added": true,
                  "type": "string"
                },
                "responsecode": {
                  "title": "ResponseCode",
                  "x-ms-dynamically-added": true,
                  "type": "string"
                }
              },
              "additionalProperties": {}
            },
            "statusCode": 200,
            "body": {
              "message": "@variables('varMessage')",
              "responsecode": "@{int(variables('varResponse'))}"
            }
          }
        },
        "Initialize_varResponse": {
          "runAfter": {
            "Initialize_varDeviceId": [
              "Succeeded"
            ]
          },
          "metadata": {
            "operationMetadataId": "9ab4193c-cfef-4368-8328-23406ae1044d"
          },
          "type": "InitializeVariable",
          "inputs": {
            "variables": [
              {
                "name": "varResponse",
                "type": "integer",
                "value": 0
              }
            ]
          }
        },
        "Initialize_varDeviceId": {
          "runAfter": {},
          "metadata": {
            "operationMetadataId": "3cf92203-6472-4391-a980-e7564d29a6df"
          },
          "type": "InitializeVariable",
          "inputs": {
            "variables": [
              {
                "name": "varDeviceId",
                "type": "string",
                "value": "@{triggerBody()?['text']}"
              }
            ]
          }
        },
        "Wipe_Device_by_Id": {
          "runAfter": {
            "Initialize_varMessage": [
              "Succeeded"
            ]
          },
          "metadata": {
            "operationMetadataId": "d822b227-0858-4151-8857-ffa3c57ef51d"
          },
          "type": "OpenApiConnection",
          "inputs": {
            "parameters": {
              "id": "@variables('varDeviceId')",
              "Content-Type": "application/json"
            },
            "host": {
              "apiId": "",
              "operationId": "WipeDeviceById",
              "connectionName": "shared_graph-20-2d-20device-20management-5ff5b5fbeebbb-9854a4baa9fd25e3"
            }
          }
        },
        "Set_varResponse": {
          "runAfter": {
            "Compose": [
              "Succeeded"
            ]
          },
          "metadata": {
            "operationMetadataId": "4eac27bf-5720-47aa-a731-78e631b64a99"
          },
          "type": "SetVariable",
          "inputs": {
            "name": "varResponse",
            "value": "@outputs('Wipe_Device_by_Id')?['statusCode']"
          }
        },
        "Compose": {
          "runAfter": {
            "Wipe_Device_by_Id": [
              "Succeeded",
              "Failed"
            ]
          },
          "metadata": {
            "operationMetadataId": "061b6519-b445-4f6a-bc96-350f923d907b"
          },
          "type": "Compose",
          "inputs": "@outputs('Wipe_Device_by_Id')"
        },
        "Switch_Wipe_ResponseCode": {
          "runAfter": {
            "Set_varResponse": [
              "Succeeded"
            ]
          },
          "cases": {
            "Case_204_-_Success": {
              "case": 204,
              "actions": {
                "Set_varMessage_-_204_Success": {
                  "metadata": {
                    "operationMetadataId": "fbb63006-3202-49de-b51c-896121e1adbb"
                  },
                  "type": "SetVariable",
                  "inputs": {
                    "name": "varMessage",
                    "value": "Success"
                  }
                }
              }
            },
            "Case_404_-_Not_Found": {
              "case": 404,
              "actions": {
                "Set_varMessage_-_400_Not_Found": {
                  "metadata": {
                    "operationMetadataId": "d40df6bf-9b92-4fb2-862d-f716d3c532ab"
                  },
                  "type": "SetVariable",
                  "inputs": {
                    "name": "varMessage",
                    "value": "@{concat('Device with Id= ',variables('varDeviceId') ,' not found.')}"
                  }
                }
              }
            }
          },
          "default": {
            "actions": {
              "Set_varMessage_-_Default": {
                "metadata": {
                  "operationMetadataId": "0aaf9d0c-d865-47fa-8e18-156107a4a3be"
                },
                "type": "SetVariable",
                "inputs": {
                  "name": "varMessage",
                  "value": "Unidentified Error. Response Code: @{variables('varResponse')}"
                }
              }
            }
          },
          "expression": "@variables('varResponse')",
          "metadata": {
            "operationMetadataId": "3d7908c1-7607-4b26-a89d-2d36fa2f5cb6"
          },
          "type": "Switch"
        },
        "Initialize_varMessage": {
          "runAfter": {
            "Initialize_varResponse": [
              "Succeeded"
            ]
          },
          "metadata": {
            "operationMetadataId": "bebec90f-f6a0-45ad-8407-41b31021142d"
          },
          "type": "InitializeVariable",
          "inputs": {
            "variables": [
              {
                "name": "varMessage",
                "type": "string"
              }
            ]
          }
        }
      },
      "outputs": {}
    },
    "templateName": null
  },
  "schemaVersion": "1.0.0.0"
}